Date,returns,is_jump,jump_returns,diffusion_returns,volatility,drift,uncertainty
2022-01-02,0.010620794861915889,False,0.0,0.010620794861915889,,0.007332679995769415,0.00021652328271041762
2022-01-03,0.053619908388467016,False,0.0,0.053619908388467016,,0.02571668702010735,0.00014861105252542438
2022-01-04,0.030126655608065937,False,0.0,0.030126655608065937,,0.02714160067427441,0.00012089968282915178
2022-01-05,0.012136445106963902,False,0.0,0.012136445106963902,,0.02282929393980296,0.00010753287362982594
2022-01-06,-0.01457803680380609,False,0.0,-0.01457803680380609,,0.012775196708801683,0.00010056768909391718
2022-01-07,-0.033014304630438064,False,0.0,-0.033014304630438064,,0.0009302376273883015,9.679206609217013e-05
2022-01-08,0.019446073408894725,False,0.0,0.019446073408894725,,0.005616517353933104,9.470153041092724e-05
2022-01-09,0.01884300407127548,False,0.0,0.01884300407127548,,0.008922687530368205,9.353040465310668e-05
2022-01-10,0.009354276453744056,False,0.0,0.009354276453744056,,0.009029808327432007,9.287003620678532e-05
2022-01-11,-0.0004072679476367925,False,0.0,-0.0004072679476367925,,0.006696942769428938,9.249629891543235e-05
2022-01-12,-0.013424088357547588,False,0.0,-0.013424088357547588,,0.0017343785689007294,9.228434089704266e-05
2022-01-13,0.0040782474590680545,False,0.0,0.0040782474590680545,,0.0023117063797051278,9.21639911104518e-05
2022-01-14,0.014212165716834509,False,0.0,0.014212165716834509,,0.00524078175387059,9.209561073668149e-05
2022-01-15,-0.0075214689980772,False,0.0,-0.0075214689980772,,0.002100918227108815,9.20567435822103e-05
2022-01-16,-0.0041715589269185555,False,0.0,-0.0041715589269185555,,0.0005580873249799419,9.203464685907694e-05
2022-01-17,0.02944140699921133,False,0.0,0.02944140699921133,,0.007661500177421162,9.20220829045508e-05
2022-01-18,-0.005419112319997995,False,0.0,-0.005419112319997995,,0.004444772381690236,9.201493867873601e-05
2022-01-19,-0.007758772785248013,False,0.0,-0.007758772785248013,,0.0014438616999871553,9.201087610515273e-05
2022-01-20,-0.028577313218703295,False,0.0,-0.028577313218703295,,-0.005938304812007307,9.200856586506258e-05
2022-01-21,-0.03067454657800058,False,0.0,-0.03067454657800058,0.01829740872994804,-0.012545154035662715,8.942106909451061e-05
2022-01-22,-0.010829876904951265,False,0.0,-0.010829876904951265,0.017937241434610725,-0.012080838181026423,8.709445856295257e-05
2022-01-23,0.01193873757930188,False,0.0,0.01193873757930188,0.0176349641271467,-0.005510764714206328,8.506561663033365e-05
2022-01-24,-0.0005027684775172376,False,0.0,-0.0005027684775172376,0.017098175597072485,-0.004096357573835656,8.256766294163519e-05
2022-01-25,0.021510104487544993,False,0.0,0.021510104487544993,0.017394476937445738,0.0028470612709845374,8.204394473672457e-05
2022-01-26,-0.005232118850190005,False,0.0,-0.005232118850190005,0.016913197873596898,0.0005732035964885309,8.050955884617098e-05
2022-01-27,0.014064742096964764,False,0.0,0.014064742096964764,0.01675595132446988,0.004383713961838712,7.929756479236116e-05
2022-01-28,-0.015733346425787536,False,0.0,-0.015733346425787536,0.01669636133670909,-0.001282191957962247,7.85142541374022e-05
2022-01-29,-0.011011226954970199,False,0.0,-0.011011226954970199,0.016410886634061813,-0.0040763981160045135,7.73486557775092e-05
2022-01-30,0.04062859393564718,False,0.0,0.04062859393564718,0.018766969036590045,0.006366522043810035,8.227240835859203e-05
2022-01-31,0.000950193638651583,False,0.0,0.000950193638651583,0.018196740128060458,0.004995045289169522,8.384374105240204e-05
2022-02-01,-0.0006789799879077034,False,0.0,-0.0006789799879077034,0.01764317803119139,0.003475606189958157,8.335768875116563e-05
2022-02-02,0.024496529851924694,False,0.0,0.024496529851924694,0.01812759293632417,0.00886714362725169,8.428321835513922e-05
2022-02-03,-0.0037265164524787424,False,0.0,-0.0037265164524787424,0.017599041553942686,0.005472776128471463,8.348047796157828e-05
2022-02-04,0.008792675442486325,False,0.0,0.008792675442486325,0.017198295156397668,0.006393320702657898,8.201451216477743e-05
2022-02-05,-0.013442468267992039,False,0.0,-0.013442468267992039,0.016996366438081275,0.0008509256072945599,8.071610080588517e-05
2022-02-06,0.018948643238691578,False,0.0,0.018948643238691578,0.017119782376155256,0.0058130197087332015,8.035958171697726e-05
2022-02-07,-0.009482857979947131,False,0.0,-0.009482857979947131,0.016759988288139464,0.0014985983093080022,7.923108090896513e-05
2022-02-08,-0.02102277991945718,False,0.0,-0.02102277991945718,0.017045844405777427,-0.00465468927395899,7.938698135889869e-05
2022-02-09,-0.02045839832605571,False,0.0,-0.02045839832605571,0.017269624389073108,-0.008895626253304159,8.003290423848076e-05
2022-02-10,0.007167072681833546,False,0.0,0.007167072681833546,0.016835306554883092,-0.0044036235397133345,7.926173020232256e-05
2022-02-11,0.007893508819366396,False,0.0,0.007893508819366396,0.016436555079394257,-0.0008624327303011479,7.7797757666705e-05
2022-02-12,0.006541731526885381,False,0.0,0.006541731526885381,0.016016191101116215,0.001328390644024491,7.590140326493925e-05
2022-02-13,-0.014152698863383465,False,0.0,-0.014152698863383465,0.01591053763551951,-0.003237782805733931,7.466560583290891e-05
2022-02-14,0.024476091519782698,False,0.0,0.024476091519782698,0.016549961895584307,0.00442450851164026,7.572781267625839e-05
2022-02-15,-0.006998420717281395,False,0.0,-0.006998420717281395,0.016137095090899705,0.0011259280080760177,7.519696593903132e-05
2022-02-16,-0.009686509648394868,False,0.0,-0.009686509648394868,0.015824386112721144,-0.002072636474136611,7.407731562708288e-05
2022-02-17,0.011734359046247481,False,0.0,0.011734359046247481,0.015609235568322617,0.0020599187204186865,7.292605967895987e-05
2022-02-18,0.03976769485769034,False,0.0,0.03976769485769034,0.01799770858146689,0.011152506859784993,7.81071929799084e-05
2022-02-19,-0.00950582023866612,False,0.0,-0.00950582023866612,0.017604093286420423,0.005809795336326358,8.014822307155467e-05
2022-02-20,-0.015597721646745229,False,0.0,-0.015597721646745229,0.01749020267592499,0.0001422811447341181,8.098712896006313e-05
2022-02-21,0.03312790475168744,False,0.0,0.03312790475168744,0.018798942594211256,0.008025741989756191,8.446155236694297e-05
2022-02-22,-0.0037509553570293963,False,0.0,-0.0037509553570293963,0.018249394731504078,0.005013511476254388,8.51847041547744e-05
2022-02-23,-0.0019198758165551934,False,0.0,-0.0019198758165551934,0.017699693188621475,0.0031495965230439967,8.42193933494985e-05
2022-02-24,0.022231569626235573,False,0.0,0.022231569626235573,0.018003803817966443,0.008121650458840902,8.44580588597898e-05
2022-02-25,0.0021086392114447795,False,0.0,0.0021086392114447795,0.017462975587233587,0.006480698339163183,8.32224288946034e-05
2022-02-26,0.004870483003011406,False,0.0,0.004870483003011406,0.016972963255120026,0.006026398028083121,8.127826371792168e-05
2022-02-27,0.0072081469347644,False,0.0,0.0072081469347644,0.016550348506725307,0.0063677936548565284,7.913106868059016e-05
2022-02-28,0.016138809727364062,False,0.0,0.016138809727364062,0.016525945186808055,0.009157473417209211,7.797353793015362e-05
2022-03-01,0.03424117479784484,False,0.0,0.03424117479784484,0.018085019644737334,0.01538303154798115,8.117543796998552e-05
2022-03-02,-0.017237696176361585,False,0.0,-0.017237696176361585,0.018035302869251077,0.007073617554046688,8.285593670514352e-05
2022-03-03,-0.011286237544272357,False,0.0,-0.011286237544272357,0.017703066685883093,0.002212628140713711,8.29759888178802e-05
2022-03-04,-0.0003622159905379667,False,0.0,-0.0003622159905379667,0.0171639892771221,0.001498911519634433,8.166036857371783e-05
2022-03-05,0.015613807367876894,False,0.0,0.015613807367876894,0.017074947585926075,0.005407688687161525,8.073874478766957e-05
2022-03-06,-0.0048227445836884816,False,0.0,-0.0048227445836884816,0.01659687129785506,0.0024741818158043353,7.898516601347283e-05
2022-03-07,0.002809888352852019,False,0.0,0.002809888352852019,0.0161059770587891,0.0025734984768750403,7.674259221707045e-05
2022-03-08,0.004996927348422025,False,0.0,0.004996927348422025,0.015663221385547446,0.0033082284919630713,7.438059995438018e-05
2022-03-09,0.0022674834994612573,False,0.0,0.0022674834994612573,0.015196210146201924,0.0029842444886573043,7.188691044895709e-05
2022-03-10,-0.027432242423637433,False,0.0,-0.027432242423637433,0.016193239024433356,-0.005527083811310373,7.337628899549955e-05
2022-03-11,-0.007399789944926887,False,0.0,-0.007399789944926887,0.015804212861450197,-0.006075275008269324,7.311528296559034e-05
2022-03-12,0.01838162486143859,False,0.0,0.01838162486143859,0.015970591832259243,0.0009656394662807006,7.342935006945107e-05
2022-03-13,-0.0021329507919690036,False,0.0,-0.0021329507919690036,0.015492875266041671,3.2527766488205665e-05,7.228256117253684e-05
2022-03-14,-0.01924690698724783,False,0.0,-0.01924690698724783,0.015743380789497673,-0.005599416924194935,7.240358729683679e-05
2022-03-15,0.001325248043942259,False,0.0,0.001325248043942259,0.015267225461910729,-0.0034857717714963836,7.11465016609482e-05
2022-03-16,0.01917925017437516,False,0.0,0.01917925017437516,0.015529761786376588,0.003211142405662654,7.126038716430518e-05
2022-03-17,-0.012511987729393981,False,0.0,-0.012511987729393981,0.015365418357127044,-0.0015082876150734944,7.086622855913849e-05
2022-03-18,-0.013445169994251395,False,0.0,-0.013445169994251395,0.015257020422829079,-0.005117021095285089,7.037255990584086e-05
2022-03-19,0.055263468526654966,False,0.0,0.055263468526654966,0.020051262530510677,0.0069455474491434245,8.032053827725143e-05
2022-03-20,0.007776003407706831,False,0.0,0.007776003407706831,0.019533507495153393,0.007131805553644805,8.557739069042612e-05
2022-03-21,0.007025415972001329,False,0.0,0.007025415972001329,0.019016462035147338,0.007106038270959387,8.758484431550727e-05
2022-03-22,-0.0044569428270764275,False,0.0,-0.0044569428270764275,0.018469437971849,0.004141973388951264,8.744304050756091e-05
2022-03-23,0.012243760367563196,False,0.0,0.012243760367563196,0.018156197584640835,0.006270174250440316,8.65927625819733e-05
2022-03-24,-0.005635301022775549,False,0.0,-0.005635301022775549,0.01765712482669827,0.0030297452815524445,8.485857669161538e-05
2022-03-25,0.010959547843789955,False,0.0,0.010959547843789955,0.017328425059805273,0.005223755570440396,8.307961409442754e-05
2022-03-26,0.008878139603808365,False,0.0,0.008878139603808365,0.0169406947295432,0.006256674037585666,8.111745013210663e-05
2022-03-27,-0.009249502887899776,False,0.0,-0.009249502887899776,0.016580141973601862,0.0017931403406614777,7.913171403710695e-05
2022-03-28,0.0004842047430826384,False,0.0,0.0004842047430826384,0.01607548159922122,0.0014044985550132373,7.67289401399903e-05
2022-03-29,0.004716086059664513,False,0.0,0.004716086059664513,0.0156285101718435,0.0024115159330439524,7.42738420008614e-05
2022-03-30,-0.0352652896897273,False,0.0,-0.0352652896897273,0.017441724392787374,-0.007206169782558924,7.765605888082439e-05
2022-03-31,0.025273181259079423,False,0.0,0.025273181259079423,0.018007913434475796,0.0008889147000561669,8.082409137665785e-05
2022-04-01,0.023363911034663405,False,0.0,0.023363911034663405,0.018373355431654272,0.006443658827032613,8.343367664479492e-05
2022-04-02,0.03901787521846452,False,0.0,0.03901787521846452,0.020215564637740043,0.01352083524250652,8.878872029575452e-05
2022-04-03,-0.010908854510204307,False,0.0,-0.010908854510204307,0.01978102870956855,0.007831562967503569,9.112478433084019e-05
2022-04-04,0.005245485576143829,False,0.0,0.005245485576143829,0.019221411450151642,0.00719306707629969,9.1219384988737e-05
2022-04-05,-0.0021566541395753335,False,0.0,-0.0021566541395753335,0.018643335754969504,0.00477544010227472,8.987478677484676e-05
2022-04-06,0.005723961435361217,False,0.0,0.005723961435361217,0.01812968157632624,0.005028926273256771,8.783902791851457e-05
2022-04-07,-0.020683832647136587,False,0.0,-0.020683832647136587,0.018292990154535404,-0.0016675390464432494,8.714979047781198e-05
2022-04-08,0.02363807041252611,False,0.0,0.02363807041252611,0.018656928520952906,0.0047046680869926,8.765029425846142e-05
2022-04-09,0.04097036716678884,False,0.0,0.04097036716678884,0.020685994829175575,0.012525375028189168,9.227897931658113e-05
2022-04-10,0.008082553597080629,False,0.0,0.008082553597080629,0.020153297980908702,0.011497312375396486,9.398379486987704e-05
2022-04-11,0.006094447265884087,False,0.0,0.006094447265884087,0.019596291271193625,0.010178671047860216,9.372389525247682e-05
2022-04-12,0.032850988700931234,False,0.0,0.032850988700931234,0.020633104497579966,0.015283981973970956,9.58639753307968e-05
2022-04-13,0.010928260460419397,False,0.0,0.010928260460419397,0.020182842062926056,0.014255818013450341,9.615390250810526e-05
2022-04-14,-0.02379658053011463,False,0.0,-0.02379658053011463,0.020417710978666785,0.005415793980319916,9.684685294674629e-05
2022-04-15,-0.020981757951299557,False,0.0,-0.020981757951299557,0.020451992477885456,-0.0007266695998571398,9.733077598234487e-05
2022-04-16,0.005628236743032687,False,0.0,0.005628236743032687,0.019876810092836615,0.0008222330133364059,9.629601936792548e-05
2022-04-17,0.009656231205532089,False,0.0,0.009656231205532089,0.019415892788238492,0.0030391192789824247,9.460211309229744e-05
2022-04-18,-0.04099210568876159,False,0.0,-0.04099210568876159,0.0213349348001447,-0.006423726884488942,9.782360241721084e-05
2022-04-19,-0.028375629501303117,False,0.0,-0.028375629501303117,0.021821531965619492,-0.011069352690935225,0.00010077261570194161
2022-04-20,0.021978623464154606,False,0.0,0.021978623464154606,0.021830989332820107,-0.003953742897463781,0.00010261576577443706
2022-04-21,0.011781646239396015,False,0.0,0.011781646239396015,0.021361764927583567,-0.0004104991648123395,0.00010275377908671422
2022-04-22,-0.008189850407908308,False,0.0,-0.008189850407908308,0.020807929251953305,-0.0022360162475855683,0.0001016015295028461
2022-04-23,-0.012437463757370237,False,0.0,-0.012437463757370237,0.020402773214737015,-0.004686441744086814,9.999035442567887e-05
2022-04-24,0.002270725765983339,False,0.0,0.002270725765983339,0.019789040838078253,-0.002952602109820549,9.759463759848857e-05
2022-04-25,0.02168915284154869,False,0.0,0.02168915284154869,0.019908162399194573,0.0030485018296766767,9.652101139523543e-05
2022-04-26,0.0034598829497099973,False,0.0,0.0034598829497099973,0.019320276439727356,0.0031526414265502702,9.449268904132687e-05
2022-04-27,-0.013043137762965062,False,0.0,-0.013043137762965062,0.019002213117614908,-0.0009996494859152716,9.257512241326709e-05
2022-04-28,0.019005928294230222,False,0.0,0.019005928294230222,0.019002436048695073,0.004070331731531149,9.151110740750101e-05
2022-04-29,-0.009487263075064143,False,0.0,-0.009487263075064143,0.018569531789385262,0.0005377090960912078,8.984967375289026e-05
2022-04-30,-0.0029869368505292893,False,0.0,-0.0029869368505292893,0.018018689400989,-0.0004125855285638121,8.753649890954692e-05
2022-05-01,0.030396172082512257,False,0.0,0.030396172082512257,0.018990218911369518,0.007160436676347916,8.864515160609126e-05
2022-05-02,0.03774961631104582,False,0.0,0.03774961631104582,0.02060322113994564,0.013842456170898739,9.272784275918897e-05
2022-05-03,0.02160398030127065,False,0.0,0.02160398030127065,0.020664633457975347,0.015575146649187181,9.532995530850108e-05
2022-05-04,-0.0023792740597474295,False,0.0,-0.0023792740597474295,0.020043580221567426,0.011305874772624142,9.552851185545656e-05
2022-05-05,0.01734045315843489,False,0.0,0.01734045315843489,0.01989175408446668,0.01275924495762733,9.529617666406787e-05
2022-05-06,0.01585957390478971,False,0.0,0.01585957390478971,0.019673142422855894,0.01351746786474167,9.465348263397344e-05
2022-05-07,0.028242942644413016,False,0.0,0.028242942644413016,0.02028966262350141,0.01693999246614861,9.568126833533547e-05
2022-05-08,-0.005547293957533673,False,0.0,-0.005547293957533673,0.019718431302414928,0.011446809265639308,9.497991029547485e-05
2022-05-09,0.0003442882336563853,False,0.0,0.0003442882336563853,0.01911791445502473,0.008617728644215245,9.313324760817202e-05
2022-05-10,0.011047019148308846,False,0.0,0.011047019148308846,0.01873198259253011,0.009248769875512076,9.114771271504066e-05
2022-05-11,0.004178972651018177,False,0.0,0.004178972651018177,0.018190155861924805,0.007890021473515214,8.86791042543603e-05
2022-05-12,0.015604451940480109,False,0.0,0.015604451940480109,0.01804546478442757,0.009950576968481317,8.697943679916981e-05
2022-05-13,-0.010137140154051684,False,0.0,-0.010137140154051684,0.01767105452311853,0.004476205630657912,8.509981244853837e-05
2022-05-14,0.019068545041029863,False,0.0,0.019068545041029863,0.01775800558847736,0.008378142891040413,8.432255088506557e-05
2022-05-15,-0.024205330663666213,False,0.0,-0.024205330663666213,0.018209333834158098,2.423876177196603e-05,8.501199784339033e-05
2022-05-16,-0.0037956888366211146,False,0.0,-0.0037956888366211146,0.01767906908147182,-0.0010033035304804613,8.407431935172393e-05
2022-05-17,-0.016165382928196994,False,0.0,-0.016165382928196994,0.017591921182324582,-0.0050868918800218415,8.33507919734991e-05
2022-05-18,0.0006074694460697312,False,0.0,0.0006074694460697312,0.0170566494535031,-0.0034903245645621977,8.156984951430895e-05
2022-05-19,0.0034215408663225946,False,0.0,0.0034215408663225946,0.016558259258113495,-0.001491195118072229,7.930033070859373e-05
2022-05-20,0.03598366759949708,False,0.0,0.03598366759949708,0.01831433462384132,0.007719227734517682,8.243692973122083e-05
2022-05-21,-0.03757191221604685,False,0.0,-0.03757191221604685,0.019999721918202037,-0.0022185947855596156,8.776591783814643e-05
2022-05-22,0.02129859366061924,False,0.0,0.02129859366061924,0.020080023648200628,0.0030974616319968734,9.114495229519135e-05
2022-05-23,0.007019783428457588,False,0.0,0.007019783428457588,0.019544092465307913,0.0040419138303936,9.197457249027522e-05
2022-05-24,0.032688103440176086,False,0.0,0.032688103440176086,0.020570949994249035,0.010451489325779403,9.468280204738022e-05
2022-05-25,-0.002480562090448274,False,0.0,-0.002480562090448274,0.019953529410683585,0.007367472882007648,9.494863231719013e-05
2022-05-26,0.026190043651769006,False,0.0,0.026190043651769006,0.020381605407212847,0.011719869669180524,9.605640327413907e-05
2022-05-27,0.013072913202668908,False,0.0,0.013072913202668908,0.020018474272858036,0.01204363806040051,9.58924965845868e-05
2022-05-28,-0.01533477639117505,False,0.0,-0.01533477639117505,0.019768770207029437,0.005372922983273547,9.521895350745547e-05
2022-05-29,0.020720786555215667,False,0.0,0.020720786555215667,0.019827180301203777,0.009080640169907008,9.496871940577851e-05
2022-05-30,0.00112048947054908,False,0.0,0.00112048947054908,0.019225123764851894,0.0070692735561269345,9.339169034275994e-05
2022-05-31,-0.0017197321179317296,False,0.0,-0.0017197321179317296,0.01864420846968,0.004766737650456136,9.106564482498331e-05
2022-06-01,0.004967283466989036,False,0.0,0.004967283466989036,0.01811713424346465,0.004820775963494319,8.844375658854281e-05
2022-06-02,-0.03656457879398355,False,0.0,-0.03656457879398355,0.01971686651947673,-0.00484375595715975,9.078412981814967e-05
2022-06-03,0.014748490393415506,False,0.0,0.014748490393415506,0.019454578226194747,-0.00010392111776499208,9.156354855788823e-05
2022-06-04,0.04828293525161671,False,0.0,0.04828293525161671,0.022263114950794548,0.009426189424835136,9.76208057836232e-05
2022-06-05,0.021018464241812248,False,0.0,0.021018464241812248,0.02219040469253805,0.0118122092015444,0.00010135281513235411
2022-06-06,-0.009982381290673711,False,0.0,-0.009982381290673711,0.02165290033615454,0.007042504962220435,0.000102606504004938
2022-06-07,-0.007613308448543258,False,0.0,-0.007613308448543258,0.02107593308305363,0.0036731373083659737,0.00010212030356267419
2022-06-08,-0.01410507619872547,False,0.0,-0.01410507619872547,0.020723910067272158,-0.0005093053910618863,0.00010103812543147547
2022-06-09,0.015008982337735483,False,0.0,0.015008982337735483,0.020426154670340393,0.003199638133476923,9.971939908224827e-05
2022-06-10,0.002580857306884029,False,0.0,0.002580857306884029,0.01981397931779425,0.003045960453578809,9.750286063760607e-05
2022-06-11,0.00021574338056660724,False,0.0,0.00021574338056660724,0.019210438374331677,0.0023192153593303206,9.476258804345887e-05
2022-06-12,0.04566833251204266,False,0.0,0.04566833251204266,0.02172634993844537,0.011381508276800754,9.868050858591275e-05
2022-06-13,0.007559268602737434,False,0.0,0.007559268602737434,0.021145703517675116,0.010527340920907726,9.992388965391577e-05
2022-06-14,0.000723988452385217,False,0.0,0.000723988452385217,0.02050228719384069,0.008212667982288334,9.924751517613319e-05
2022-06-15,-0.005501209439914523,False,0.0,-0.005501209439914523,0.01992332682274998,0.00484411958380997,9.750036614963e-05
2022-06-16,0.019245410320805262,False,0.0,0.019245410320805262,0.019883303641244122,0.008355993799188947,9.640834415593429e-05
2022-06-17,-0.02018383683753259,False,0.0,-0.02018383683753259,0.01990146361546219,0.0014510477293504867,9.58250232426266e-05
2022-06-18,-0.0019798139990562587,False,0.0,-0.0019798139990562587,0.0193012781598412,0.0005848376032495176,9.405722906216363e-05
2022-06-19,-0.024819107094521765,False,0.0,-0.024819107094521765,0.019676032702389715,-0.005580110477060627,9.395141733669256e-05
2022-06-20,-0.016182604219649028,False,0.0,-0.016182604219649028,0.019484098334050955,-0.008189805458021305,9.344204854478434e-05
2022-06-21,-0.013216912220178956,False,0.0,-0.013216912220178956,0.01916594606941343,-0.009454245736387232,9.239335481124697e-05
2022-06-22,-0.008663576470076094,False,0.0,-0.008663576470076094,0.018702858948478854,-0.009249301529402463,9.066857415924956e-05
2022-06-23,-0.009913330496093374,False,0.0,-0.009913330496093374,0.018294960075588586,-0.009425261079730634,8.869287865064321e-05
2022-06-24,-0.00165381805206946,False,0.0,-0.00165381805206946,0.01774224724115574,-0.007297332490223541,8.61931268088529e-05
2022-06-25,0.006973831685403525,False,0.0,0.006973831685403525,0.017286357529534696,-0.0033017515147068877,8.366186017567037e-05
2022-06-26,-0.015368863064562357,False,0.0,-0.015368863064562357,0.017177345090391677,-0.006657496594558803,8.205361436842162e-05
2022-06-27,-0.002889585120368226,False,0.0,-0.002889585120368226,0.016669088020141054,-0.005574667698762442,7.985145347699188e-05
2022-06-28,0.007149391354083178,False,0.0,0.007149391354083178,0.01625588550346759,-0.001838402790304929,7.759491261495086e-05
2022-06-29,-0.028979544560250772,False,0.0,-0.028979544560250772,0.017285468604203665,-0.009024366617135023,7.91077857079267e-05
2022-06-30,0.026352041693697443,False,0.0,0.026352041693697443,0.017959008476541184,-8.19672153317668e-05,8.152767104298258e-05
2022-07-01,0.00973761571918913,False,0.0,0.00973761571918913,0.017574518369688694,0.0025231177158722713,8.193995258449691e-05
2022-07-02,-0.0369854096358693,False,0.0,-0.0369854096358693,0.019297852360480868,-0.006607902288369652,8.606893144460424e-05
2022-07-03,-0.008979757007419627,False,0.0,-0.008979757007419627,0.018838812105279892,-0.007192437981687103,8.74641299912662e-05
2022-07-04,-0.01832704680883713,False,0.0,-0.01832704680883713,0.018808498869653478,-0.009968013516011974,8.818330204071088e-05
2022-07-05,0.01245999846234625,False,0.0,0.01245999846234625,0.018489162924450395,-0.004206210132066581,8.782176351999465e-05
2022-07-06,-0.01143843419639091,False,0.0,-0.01143843419639091,0.018143551568531688,-0.0061124604634583395,8.676661730804797e-05
2022-07-07,0.010344908266363691,False,0.0,0.010344908266363691,0.01777239948153145,-0.001670571617665484,8.525098783553567e-05
2022-07-08,-0.028432515986229943,False,0.0,-0.028432515986229943,0.01858524065622246,-0.008366021788126381,8.641686294827075e-05
2022-07-09,-0.007967624279914296,False,0.0,-0.007967624279914296,0.01812444432899047,-0.008261776112287946,8.595493909865588e-05
2022-07-10,0.026477461203365173,False,0.0,0.026477461203365173,0.01873096661699916,0.0003675109548121943,8.715153022590114e-05
2022-07-11,-0.015949102870905067,False,0.0,-0.015949102870905067,0.01857580675841325,-0.0037680713164577146,8.745849485536647e-05
2022-07-12,0.04237684182570304,False,0.0,0.04237684182570304,0.02078712977564714,0.0060945094738692205,9.235401819393294e-05
2022-07-13,-0.012610718916978228,False,0.0,-0.012610718916978228,0.02038922000340381,0.0018410823727802623,9.4531642222953e-05
2022-07-14,0.005914098288173187,False,0.0,0.005914098288173187,0.019821091501733713,0.0028213919865190877,9.455887299696593e-05
2022-07-15,-0.00607438138733633,False,0.0,-0.00607438138733633,0.019274776646571637,0.0005877669843849546,9.328359188634856e-05
2022-07-16,0.002280025035952165,False,0.0,0.002280025035952165,0.01869593283948635,0.0010290067598287813,9.11385981902259e-05
2022-07-17,0.0011444897172040744,False,0.0,0.0011444897172040744,0.018128547152406787,0.001060109423042629,8.851271894932685e-05
2022-07-18,-0.004708741836174549,False,0.0,-0.004708741836174549,0.01761408253433594,-0.0005344154841123538,8.575550721199337e-05
2022-07-19,-0.023309242049086236,False,0.0,-0.023309242049086236,0.018006659746021413,-0.006526096727498326,8.530214242337217e-05
2022-07-20,0.010267543941131546,False,0.0,0.010267543941131546,0.017638331979284,-0.0019850925509599087,8.412441743569815e-05
2022-07-21,-0.00719817798298329,False,0.0,-0.00719817798298329,0.017191653081865894,-0.003437309358740534,8.233261211437886e-05
2022-07-22,0.012424855709372351,False,0.0,0.012424855709372351,0.016943505596833223,0.001023811186429034,8.07398678928841e-05
2022-07-23,-0.012312503120894797,False,0.0,-0.012312503120894797,0.016701895191308266,-0.002765995243222989,7.927070379791425e-05
2022-07-24,-0.0019019914682177083,False,0.0,-0.0019019914682177083,0.016199788859589184,-0.0025120019168043926,7.71481247761226e-05
2022-07-25,-0.00029163968249400093,False,0.0,-0.00029163968249400093,0.01570644048700462,-0.0018396432732500003,7.470208208964823e-05
2022-07-26,-0.019458965036464552,False,0.0,-0.019458965036464552,0.01595649759887582,-0.006973844743783262,7.419230475219803e-05
2022-07-27,-0.012344444565041704,False,0.0,-0.012344444565041704,0.015763132473677853,-0.00856053290862182,7.340976605639428e-05
2022-07-28,-0.03291922514318875,False,0.0,-0.03291922514318875,0.017279707396290925,-0.014826549974798322,7.680869270323745e-05
2022-07-29,0.010418897100221102,False,0.0,0.010418897100221102,0.016946568839928785,-0.007982722098109749,7.78537565350287e-05
2022-07-30,0.01046012261033486,False,0.0,0.01046012261033486,0.016628886722238886,-0.002807731081711962,7.759040888031653e-05
2022-07-31,0.003593268919876822,False,0.0,0.003593268919876822,0.016146311532223786,-0.0009377939947778561,7.615980495690269e-05
2022-08-01,0.025313176339672935,False,0.0,0.025313176339672935,0.01683765385420689,0.00621395926367784,7.723787478271911e-05
2022-08-02,-0.0006774604310503743,False,0.0,-0.0006774604310503743,0.016325554484714483,0.004236706398863523,7.646970152911021e-05
2022-08-03,0.009830267742169491,False,0.0,0.009830267742169491,0.01601032027513324,0.0058782298646848485,7.522439952340608e-05
2022-08-04,0.004188414622086615,False,0.0,0.004188414622086615,0.01555644892050858,0.005366145444794988,7.333702259020275e-05
2022-08-05,0.030455831757932168,False,0.0,0.030455831757932168,0.016826656771903835,0.012074740335312514,7.570629763422995e-05
2022-08-06,0.028889621271333297,False,0.0,0.028889621271333297,0.01778271094249564,0.016287368376279594,7.92237245363232e-05
2022-08-07,-0.018051511303404936,False,0.0,-0.018051511303404936,0.017798953440489425,0.007483642280029882,8.122118738311189e-05
2022-08-08,-0.017267442482909377,False,0.0,-0.017267442482909377,0.017767511169439087,0.0010352734253180054,8.224487189736737e-05
2022-08-09,0.03177828555518342,False,0.0,0.03177828555518342,0.018903305317758082,0.008383854610266167,8.541469174951468e-05
2022-08-10,0.010598252557350458,False,0.0,0.010598252557350458,0.0185103817425887,0.008941816965549887,8.633362557182266e-05
2022-08-11,-0.00384560016565079,False,0.0,-0.00384560016565079,0.017971185179587425,0.005555483386402383,8.552642982494814e-05
2022-08-12,-0.01994184722646906,False,0.0,-0.01994184722646906,0.01809547797660264,-0.0010941706964845595,8.539736229899255e-05
2022-08-13,0.01681752928892275,False,0.0,0.01681752928892275,0.018021356810535523,0.0036016936284988706,8.514393257102112e-05
2022-08-14,0.004727884794335115,False,0.0,0.004727884794335115,0.017510691502416097,0.003909147022219194,8.370931124811491e-05
2022-08-15,0.0030737531299243363,False,0.0,0.0030737531299243363,0.016993932310605548,0.0036731436803560465,8.158580914565987e-05
2022-08-16,-0.01135737301047942,False,0.0,-0.01135737301047942,0.016709443633967785,-0.0006186414730822896,7.972380939699208e-05
2022-08-17,0.004267523722842115,False,0.0,0.004267523722842115,0.016234096269483033,0.0008176622811365691,7.747014767152543e-05
2022-08-18,-0.025077489424545983,False,0.0,-0.025077489424545983,0.016895737845265157,-0.0062648016164823265,7.807648164452474e-05
2022-08-19,0.0050957154924294815,False,0.0,0.0050957154924294815,0.016428511158305154,-0.0030164043203024953,7.717336804599844e-05
2022-08-20,-0.007430943674510357,False,0.0,-0.007430943674510357,0.016031698462092785,-0.004315513876062996,7.563441564796804e-05
2022-08-21,-0.015018589349083181,False,0.0,-0.015018589349083181,0.01597272411978883,-0.007449469460253688,7.470372029435921e-05
2022-08-22,0.025063308231517777,False,0.0,0.025063308231517777,0.01665864358310588,0.0014570793745015981,7.602118794283136e-05
2022-08-23,0.022675286235988433,False,0.0,0.022675286235988433,0.017079516914136006,0.007113110740579778,7.775964970879872e-05
2022-08-24,0.029497420264770802,False,0.0,0.029497420264770802,0.018066908210195597,0.012668790947082072,8.101421213790585e-05
2022-08-25,-0.0333422523684851,False,0.0,-0.0333422523684851,0.019326943098154973,0.0021271893655013564,8.557971837464573e-05
2022-08-26,0.009645363899906867,False,0.0,0.009645363899906867,0.018886526108150715,0.0039670881876190545,8.729426334496658e-05
2022-08-27,0.04769974474708703,False,0.0,0.04769974474708703,0.021721297273967377,0.0126744574066015,9.394044634497762e-05
2022-08-28,0.013362237044586856,False,0.0,0.013362237044586856,0.021312410297250815,0.012821897253044666,9.737123817427879e-05
2022-08-29,-0.02582705071141315,False,0.0,-0.02582705071141315,0.021609902721314023,0.004539422775195406,0.00010007556558933105
2022-08-30,0.009874495016441881,False,0.0,0.009874495016441881,0.021090731637308367,0.005746535570929968,0.00010064468395639425
2022-08-31,0.028426323864815983,False,0.0,0.028426323864815983,0.021601230905788374,0.010707531431023341,0.00010206735652051161
2022-09-01,0.036384840601481054,False,0.0,0.036384840601481054,0.022760663074308417,0.015923737200614473,0.00010523859099512999
2022-09-02,0.0358326659963274,False,0.0,0.0358326659963274,0.023748762361679335,0.01977427007088203,0.00010908245545922154
2022-09-03,-0.0037327764637044136,False,0.0,-0.0037327764637044136,0.023043426570206638,0.01489513896388191,0.00011021445054543516
2022-09-04,0.008443123927354105,False,0.0,0.008443123927354105,0.02243694983971472,0.01348957349826333,0.00010966886310467675
2022-09-05,0.018204001311564723,False,0.0,0.018204001311564723,0.022205739232197808,0.014530181159845048,0.00010883999165158801
2022-09-06,-0.03319538172264657,False,0.0,-0.03319538172264657,0.023013586544043934,0.004617597564289963,0.00011000297139388823
2022-09-07,0.013391840900933939,False,0.0,0.013391840900933939,0.022552342225275485,0.006511521546743846,0.00010978327324278727
2022-09-08,-0.023991335594354783,False,0.0,-0.023991335594354783,0.02264126106185882,-2.392299451011229e-05,0.00010983375651891616
2022-09-09,0.061839070670526144,False,0.0,0.061839070670526144,0.026670458188914368,0.010139461018664751,0.00011686066580168236
2022-09-10,-0.007127668744417025,False,0.0,-0.007127668744417025,0.02591684315864955,0.007041443130189112,0.00012051135494286062
2022-09-11,0.03168471162824318,False,0.0,0.03168471162824318,0.026298613096688832,0.011445868520103195,0.00012361086350711408
2022-09-12,-0.009801255690323085,False,0.0,-0.009801255690323085,0.0256102304664991,0.007413984404469841,0.0001244614504181118
2022-09-13,0.0005425652528553164,False,0.0,0.0005425652528553164,0.02483039534315922,0.00603738826232289,0.00012351718227431285
2022-09-14,0.023028913319221765,False,0.0,0.023028913319221765,0.02472600800460078,0.00944765901761824,0.00012270563620106205
2022-09-15,0.0046608304431510214,False,0.0,0.0046608304431510214,0.023999923832340696,0.008444538780879312,0.00012070488423044704
2022-09-16,-0.0014243932808055517,False,0.0,-0.0014243932808055517,0.023271405137932043,0.006296083823345179,0.00011789660734438302
2022-09-17,-0.02767379011748544,False,0.0,-0.02767379011748544,0.02355875885602087,-0.0008513700042708959,0.00011677832371176514
2022-09-18,-0.00033781990966378603,False,0.0,-0.00033781990966378603,0.022841214044867563,-0.0007386129487328946,0.00011455110425968035
2022-09-19,0.007956722882903909,False,0.0,0.007956722882903909,0.022230977527831916,0.0012291146878056303,0.00011183963592178723
2022-09-20,-0.00894956511085017,False,0.0,-0.00894956511085017,0.021664927026712792,-0.0011329921329590357,0.00010892373935238377
2022-09-21,0.05425210638757152,False,0.0,0.05425210638757152,0.024855671025698054,0.009034867065561378,0.00011341946006427581
2022-09-22,5.9820090831816915e-05,False,0.0,5.9820090831816915e-05,0.024098471609545244,0.007257353991900625,0.00011501515577490488
2022-09-23,-0.013246221295892155,False,0.0,-0.013246221295892155,0.02358855435583706,0.0030184310093065644,0.00011503462467188887
2022-09-24,0.01893472937694328,False,0.0,0.01893472937694328,0.023335512451991867,0.006365992996969591,0.00011453052219578786
2022-09-25,0.0035182911592979167,False,0.0,0.0035182911592979167,0.02264102637413196,0.005739679423649405,0.00011274298509735059
2022-09-26,-0.015135034956957226,False,0.0,-0.015135034956957226,0.022262148767506467,0.0010718067284354342,0.00011082369411110936
2022-09-27,0.011042556346761623,False,0.0,0.011042556346761623,0.021752778092052488,0.003358617273978691,0.00010852550981373818
2022-09-28,0.004509159401587166,False,0.0,0.004509159401587166,0.021119003398581318,0.003631276169387918,0.00010569732248753973
2022-09-29,-0.0014801007289411534,False,0.0,-0.0014801007289411534,0.020478842940127272,0.002381727012222161,0.00010252417202012164
2022-09-30,0.005553125819303883,False,0.0,0.005553125819303883,0.01990151401422308,0.0031768299787848873,9.929897117840593e-05
2022-10-01,0.03706786595052095,False,0.0,0.03706786595052095,0.021324812909434075,0.0106797860053423,0.00010067416030393921
2022-10-02,-0.007595997415804178,False,0.0,-0.007595997415804178,0.02075872677910373,0.006427333477678239,0.00010026858750414917
2022-10-03,-0.006930011099417746,False,0.0,-0.006930011099417746,0.020197790880945192,0.0031943719902390107,9.873886810571585e-05
2022-10-04,-0.012914531617794338,False,0.0,-0.012914531617794338,0.019836350942060633,-0.0007768341311176906,9.700184903118383e-05
2022-10-05,-0.012178004849061848,False,0.0,-0.012178004849061848,0.019462019363391377,-0.003639724185351483,9.511105996612539e-05
2022-10-06,0.05334872976269633,False,0.0,0.05334872976269633,0.022952324585465235,0.007297021111143219,0.00010110079645079342
2022-10-07,-0.015652343209636335,False,0.0,-0.015652343209636335,0.0225809743483556,0.0026033014343012787,0.00010428740069178463
2022-10-08,0.013257523055335656,False,0.0,0.013257523055335656,0.022132602500013265,0.004895621887296735,0.00010539465130710569
2022-10-09,-0.00017907612519574908,False,0.0,-0.00017907612519574908,0.021458399099506344,0.003742515787176969,0.00010462939237712053
2022-10-10,-0.0005710651392460219,False,0.0,-0.0005710651392460219,0.020805160064812495,0.0027191658784923253,0.00010269004111759919
2022-10-11,-0.019006688718337633,False,0.0,-0.019006688718337633,0.020701658319208817,-0.0024172461053363274,0.00010131955052108203
2022-10-12,-0.016685538339277352,False,0.0,-0.016685538339277352,0.020482909195610893,-0.005818608890202933,0.00010001479275860061
2022-10-13,0.006632981712682909,False,0.0,0.006632981712682909,0.019925269929231822,-0.0027468912195164983,9.794108032264336e-05
2022-10-14,-0.02993805971134187,False,0.0,-0.02993805971134187,0.020663316384462036,-0.009016095457162997,9.84429451774427e-05
2022-10-15,-0.015190575103221597,False,0.0,-0.015190575103221597,0.020376444726254665,-0.010474900519528617,9.809654687493788e-05
2022-10-16,0.003957168439648829,False,0.0,0.003957168439648829,0.01977946108024104,-0.006915081362383395,9.650020799799668e-05
2022-10-17,-0.03694292555886412,False,0.0,-0.03694292555886412,0.021204722132538083,-0.01350814134463385,9.872520511598165e-05
2022-10-18,-0.013822496840044461,False,0.0,-0.013822496840044461,0.020835678808444034,-0.013580035142470557,9.928546568655413e-05
2022-10-19,0.03263361428611939,False,0.0,0.03263361428611939,0.021724989012808227,-0.003642991113050751,0.000101485986944316
2022-10-20,-0.015561060871136474,False,0.0,-0.015561060871136474,0.021405266540651925,-0.00630050359288002,0.00010216700674703002
2022-10-21,0.026913272907064696,False,0.0,0.026913272907064696,0.021775072102061574,0.0009395014126423505,0.00010335697996747971
2022-10-22,-0.03153198867841668,False,0.0,-0.03153198867841668,0.022480225037751052,-0.005840177974686743,0.00010551355283473698
2022-10-23,-0.0077491710345997025,False,0.0,-0.0077491710345997025,0.021877885313404087,-0.0062613977898052665,0.0001056124521603821
2022-10-24,-0.023941825991376113,False,0.0,-0.023941825991376113,0.022007181004103055,-0.010129079865695098,0.0001059465501523314
2022-10-25,-0.013329442057412136,False,0.0,-0.013329442057412136,0.021585122106122717,-0.010851964380462598,0.00010523950824453457
2022-10-26,-0.016712417523427007,False,0.0,-0.016712417523427007,0.021324182059921898,-0.012195385064819021,0.00010423788630749828
2022-10-27,-0.003794375299842498,False,0.0,-0.003794375299842498,0.020695442327434716,-0.010190664763129806,0.00010220490176575941
2022-10-28,-0.0394657294987163,False,0.0,-0.0394657294987163,0.022272311991179468,-0.016351015943816986,0.0001043850274105264
2022-10-29,0.026837475154769568,False,0.0,0.026837475154769568,0.02257227354316492,-0.0073372659523020176,0.00010633790168630737
2022-10-30,0.00708675692677202,False,0.0,0.00708675692677202,0.02195336895233541,-0.004156644579937172,0.00010627421920311069
2022-10-31,-0.028645563098932954,False,0.0,-0.028645563098932954,0.022411324837483825,-0.009382941076146657,0.0001071912903758353
2022-11-01,0.008547237296845976,False,0.0,0.008547237296845976,0.021829217760548865,-0.005374728424337664,0.0001065227797585232
2022-11-02,0.009727794605230202,False,0.0,0.009727794605230202,0.021297926247128073,-0.0018808239561142466,0.00010493881532564562
2022-11-03,-0.01584738550240568,False,0.0,-0.01584738550240568,0.021010805322931626,-0.005150523741158082,0.00010334840461489426
2022-11-04,0.0018830487998464868,False,0.0,0.0018830487998464868,0.020375952892220776,-0.0034406458225052982,0.0001009310958846115
2022-11-05,-0.019557143588590394,False,0.0,-0.019557143588590394,0.020327754445848778,-0.007318539359971342,9.942692804656281e-05
2022-11-06,-0.005680460752038449,False,0.0,-0.005680460752038449,0.01975754546555336,-0.006910658313327727,9.719966458078984e-05
2022-11-07,0.02466540235954166,False,0.0,0.02466540235954166,0.02008586296546625,0.0006584140362073344,9.670873431488026e-05
2022-11-08,-0.004843739732651082,False,0.0,-0.004843739732651082,0.019510076536992344,-0.0007157230250662149,9.506382304493118e-05
2022-11-09,0.05291654261534778,False,0.0,0.05291654261534778,0.022930637370824573,0.009589521062215065,0.00010103326592456597
2022-11-10,-0.033745519147813936,False,0.0,-0.033745519147813936,0.023718998422607343,0.0014030531739042448,0.00010627963425391397
2022-11-11,0.041254296806308245,False,0.0,0.041254296806308245,0.025118727143315388,0.008481650578888927,0.00011207289495412405
2022-11-12,0.03715164657503218,False,0.0,0.03715164657503218,0.02599823295334657,0.013461264129178889,0.00011739664062406943
2022-11-13,0.030282711644002158,False,0.0,0.030282711644002158,0.026275010697724067,0.016420807303503215,0.00012146387108726876
2022-11-14,0.016409932759195694,False,0.0,0.016409932759195694,0.025789741555999793,0.016418790218358504,0.0001233693123001725
2022-11-15,-0.015727106816059492,False,0.0,-0.015727106816059492,0.02529910347585407,0.010204891247000997,0.00012372256108587388
2022-11-16,-0.012366860935774665,False,0.0,-0.012366860935774665,0.024714738789745293,0.0056664974615026455,0.0001228143041515542
2022-11-17,0.02069299088248613,False,0.0,0.02069299088248613,0.024492064162466572,0.008717298373890944,0.00012178870120679004
2022-11-18,0.011032259301136866,False,0.0,0.011032259301136866,0.02389920875759965,0.00920333423280809,0.00011992002001365689
2022-11-19,-0.048758547443549696,False,0.0,-0.048758547443549696,0.02606809554634288,-0.0012728641708042235,0.0001228230412939817
2022-11-20,0.018208249137903306,False,0.0,0.018208249137903306,0.025664475238908416,0.0023959045242332,0.00012404273593385806
2022-11-21,0.019121275507552743,False,0.0,0.019121275507552743,0.02531961221174951,0.005636175287378238,0.00012419944133554083
2022-11-22,-0.011028751798987184,False,0.0,-0.011028751798987184,0.024696473407650577,0.002273171499829098,0.00012308179512191526
2022-11-23,0.020584625628341697,False,0.0,0.020584625628341697,0.024469255394961316,0.006001626381179816,0.0001219123116793353
2022-11-24,-0.0051420338816793,False,0.0,-0.0051420338816793,0.023757235166475772,0.003638349277877793,0.00011969570784962177
2022-11-25,0.01702356961662239,False,0.0,0.01702356961662239,0.023407903894613,0.006510534336514277,0.00011757417644806839
2022-11-26,0.0020228840063429244,False,0.0,0.0020228840063429244,0.02270021344475111,0.005511458441768669,0.00011472005646796501
2022-11-27,-0.042705558643390935,False,0.0,-0.042705558643390935,0.02436816762404736,-0.003937029285084093,0.00011636107119618917
2022-11-28,-0.027209678836658723,False,0.0,-0.027209678836658723,0.024547935454862523,-0.008484935560361069,0.00011775941014877431
2022-11-29,0.02089306232348192,False,0.0,0.02089306232348192,0.024344121881585804,-0.0026220223182028615,0.00011827133523502486
2022-11-30,-0.006650481883690512,False,0.0,-0.006650481883690512,0.023658652297446958,-0.0034656697894056023,0.00011722007730642743
2022-12-01,0.01745230256901662,False,0.0,0.01745230256901662,0.023332871463178997,0.000986837718189393,0.0001158834597679852
2022-12-02,-0.023649120750463232,False,0.0,-0.023649120750463232,0.02335196719787004,-0.004212800780184493,0.00011509345601591769
2022-12-03,0.007945319360400448,False,0.0,0.007945319360400448,0.022724066442300763,-0.0015459437333829621,0.00011326752395186577
2022-12-04,0.013808861520786435,False,0.0,0.013808861520786435,0.02228993681739966,0.0018907296954533723,0.00011120175140506936
2022-12-05,0.024629509235120348,False,0.0,0.024629509235120348,0.022437191665491955,0.006871507624764897,0.00011027244995546296
2022-12-06,-0.006222455755400085,False,0.0,-0.006222455755400085,0.02180699550560909,0.0038889319197830145,0.00010832084071626107
2022-12-07,-0.0037372445269297527,False,0.0,-0.0037372445269297527,0.021162475507416414,0.002089356780316297,0.00010568079521476805
2022-12-08,-0.03285693500740039,False,0.0,-0.03285693500740039,0.022039828450119835,-0.005540631764405836,0.00010605696789952344
2022-12-09,-0.0054884697222035,False,0.0,-0.0054884697222035,0.021410656080969627,-0.005528693446987102,0.00010491763360133066
2022-12-10,0.03991442261137316,False,0.0,0.03991442261137316,0.02294560720775255,0.003740895265850628,0.00010739683216712553
2022-12-11,-0.017140508964149856,False,0.0,-0.017140508964149856,0.02263931667647069,-0.0006734486634242583,0.00010835104265517484
2022-12-12,-0.023067090913626836,False,0.0,-0.023067090913626836,0.022665210808548067,-0.005424806418824,0.00010899649228133566
2022-12-13,0.03671761745597702,False,0.0,0.03671761745597702,0.023744053572100465,0.0029102026375048664,0.0001115055006524554
2022-12-14,0.01504995044443853,False,0.0,0.01504995044443853,0.023314015864614433,0.005417821072815759,0.00011227574993792035
2022-12-15,0.04037879297456996,False,0.0,0.04037879297456996,0.02467301260317343,0.012040827656176006,0.00011532303159990179
2022-12-16,-0.003266853856763214,False,0.0,-0.003266853856763214,0.023934753767454145,0.008943399757127447,0.00011591768944724667
2022-12-17,-0.0007947388188706049,False,0.0,-0.0007947388188706049,0.02320642127131096,0.006867346147101986,0.00011480979920935456
2022-12-18,0.00959049623499597,False,0.0,0.00959049623499597,0.02262176752621839,0.007467965011979576,0.00011287050302038139
2022-12-19,-0.04783753431684305,False,0.0,-0.04783753431684305,0.024866553549307172,-0.0029121697052187324,0.00011605553730335423
2022-12-20,0.002471905497376741,False,0.0,0.002471905497376741,0.024116620312610245,-0.0018314911928750237,0.00011673962420160907
2022-12-21,0.01183744187455349,False,0.0,0.01183744187455349,0.023561031271836442,0.0010262993975829681,0.00011606048375794379
2022-12-22,0.0036250489537095498,False,0.0,0.0036250489537095498,0.022860518841704248,0.0015939607757352813,0.00011415556421378848
2022-12-23,0.018848671273684215,False,0.0,0.018848671273684215,0.022639864552072845,0.005381520461377009,0.00011251215857438437
2022-12-24,0.010287016202695363,False,0.0,0.010287016202695363,0.022094321013810387,0.006490010605760276,0.00011030882346517176
2022-12-25,0.002970326231065529,False,0.0,0.002970326231065529,0.021433591627927465,0.005666538111788709,0.00010748188659100906
2022-12-26,-0.007271723025464519,False,0.0,-0.007271723025464519,0.020856835723904545,0.0025594477578837647,0.0001044659628024848
2022-12-27,-0.00944174932407107,False,0.0,-0.00944174932407107,0.020353278321858133,-0.0003814819129252943,0.0001015146716088466
2022-12-28,0.022095901415202623,False,0.0,0.022095901415202623,0.02046202125160709,0.004991214218816379,0.0001000791456356827
2022-12-29,0.024171734103963602,False,0.0,0.024171734103963602,0.0207033576662026,0.009456847261206264,9.979395345346402e-05
2022-12-30,-0.008660429769060646,False,0.0,-0.008660429769060646,0.02018443608730542,0.005079540272168838,9.84344959236436e-05
2022-12-31,0.0035015484623162774,False,0.0,0.0035015484623162774,0.019588323640648865,0.004683809023041368,9.622549256533763e-05
2023-01-01,-0.029212718610888217,False,0.0,-0.029212718610888217,0.020294907080006332,-0.003267382867144968,9.661646819389534e-05
2023-01-02,0.000605315218337669,False,0.0,0.000605315218337669,0.01967720108586937,-0.0023130445235375013,9.541471999086431e-05
2023-01-03,0.015139709408660239,False,0.0,0.015139709408660239,0.019434849010939982,0.0020374029104003612,9.415259661011113e-05
2023-01-04,0.02604455705092877,False,0.0,0.02604455705092877,0.019893458518621086,0.007770308092826951,9.450497322453654e-05
2023-01-05,-0.03224730060960729,False,0.0,-0.03224730060960729,0.020842217111395677,-0.0011442824762659225,9.67694114030952e-05
2023-01-06,0.011957306807313462,False,0.0,0.011957306807313462,0.02041844177297805,0.0019105919259703027,9.721081194621564e-05
2023-01-07,-9.978755707466412e-05,False,0.0,-9.978755707466412e-05,0.01979642887047303,0.0014179366158723864,9.60370546851002e-05
2023-01-08,0.02700598860717211,False,0.0,0.02700598860717211,0.02030133211149748,0.007410422170077275,9.652034001874743e-05
2023-01-09,-0.014446561432060702,False,0.0,-0.014446561432060702,0.019998440654307472,0.0021576704558961875,9.611450063077064e-05
2023-01-10,0.021211066502176537,False,0.0,0.021211066502176537,0.02007326409474084,0.0066995995086618285,9.605145501944762e-05
2023-01-11,0.00860013667494959,False,0.0,0.00860013667494959,0.01957543145327448,0.007170028490336184,9.485066680271712e-05
2023-01-12,-0.01984616659162767,False,0.0,-0.01984616659162767,0.01959178106477038,0.000539271897564691,9.420777354915481e-05
2023-01-13,-0.022835210872433575,False,0.0,-0.022835210872433575,0.019801374283312058,-0.005083970612875811,9.432687996013161e-05
2023-01-14,0.024466150385266713,False,0.0,0.024466150385266713,0.02011179526988609,0.0018634511191075454,9.509683830449852e-05
2023-01-15,-0.009719268538594644,False,0.0,-0.009719268538594644,0.019643907485392582,-0.0009722015080436239,9.44709413934419e-05
2023-01-16,0.012362701425593873,False,0.0,0.012362701425593873,0.019284716705445425,0.0023716826424556776,9.325838512703329e-05
2023-01-17,-0.028822961993328847,False,0.0,-0.028822961993328847,0.019985796676361477,-0.004984490583231671,9.419217702947986e-05
2023-01-18,-0.001339154363621592,False,0.0,-0.001339154363621592,0.019379725094183,-0.004078622012746794,9.333033518732095e-05
2023-01-19,0.026950686971145277,False,0.0,0.026950686971145277,0.019915312996173055,0.0032814219904475934,9.407680929093025e-05
2023-01-20,0.01743698559587987,False,0.0,0.01743698559587987,0.019775374035189888,0.006690921487942824,9.419175273508288e-05
2023-01-21,0.008098446910827752,False,0.0,0.008098446910827752,0.019275284269753647,0.007043540122881957,9.307876137583299e-05
2023-01-22,0.04763844164326259,False,0.0,0.04763844164326259,0.022032014342563775,0.015254658123984001,9.818365890639934e-05
2023-01-23,0.022913545533699207,False,0.0,0.022913545533699207,0.02208589845958217,0.016848474873784294,0.00010150860133125429
2023-01-24,0.008673954312413294,False,0.0,0.008673954312413294,0.02151822355878351,0.015040328809241615,0.00010241982992681378
2023-01-25,0.00495524924232054,False,0.0,0.00495524924232054,0.020897970669934665,0.012693888970245738,0.00010161043845384257
2023-01-26,-0.021189194574420298,False,0.0,-0.021189194574420298,0.02091555845386207,0.0048576659079770206,0.00010117257255867513
2023-01-27,0.00799394363671943,False,0.0,0.00799394363671943,0.020372705721202783,0.005610830998291181,9.967198141124821e-05
2023-01-28,-0.021941453047851906,False,0.0,-0.021941453047851906,0.020470221098210693,-0.0009004623804232201,9.902725110308956e-05
2023-01-29,0.002634020768726422,False,0.0,0.002634020768726422,0.019857100458668616,-2.9036755421710074e-05,9.721562598279782e-05
2023-01-30,0.0015095945434664814,False,0.0,0.0015095945434664814,0.019255723950276648,0.0003640124841367837,9.471790863581045e-05
2023-01-31,0.0025785842883966114,False,0.0,0.0025785842883966114,0.018679798617068765,0.0009471332272044215,9.187833241720936e-05
2023-02-01,0.002002082113487189,False,0.0,0.002002082113487189,0.01811737518955597,0.001232781703124463,8.887734027878983e-05
2023-02-02,-0.015828551817013172,False,0.0,-0.015828551817013172,0.01798826033531376,-0.0033512022891516056,8.693776039547412e-05
2023-02-03,-0.014636648865843881,False,0.0,-0.014636648865843881,0.01780496415887663,-0.006392292587983416,8.542653163823115e-05
2023-02-04,0.02376821019419962,False,0.0,0.02376821019419962,0.018217887164188054,0.0013903646303674213,8.564171219635646e-05
2023-02-05,0.010428312475582536,False,0.0,0.010428312475582536,0.017846649826473483,0.0037977738439268706,8.483859978841222e-05
2023-02-06,0.015915299378222763,False,0.0,0.015915299378222763,0.017736700388881452,0.007038261119021793,8.412828519069748e-05
2023-02-07,0.00566349679805345,False,0.0,0.00566349679805345,0.017252235217581065,0.006657222450114944,8.249574337214531e-05
2023-02-08,-0.008463766748433977,False,0.0,-0.008463766748433977,0.016854654065180143,0.0023678787917183943,8.058427930759699e-05
2023-02-09,-0.03860480414326917,True,-0.03860480414326917,0.0,0.016341193403098805,0.00167445432926594,7.82000860360682e-05
2023-02-10,-0.0028678748020453263,False,0.0,-0.0028678748020453263,0.015858940950771064,0.0003081155019527444,7.56533518836201e-05
2023-02-11,0.030166365408159902,False,0.0,0.030166365408159902,0.01705919762801165,0.008260891258037015,7.75124722926023e-05
2023-02-12,-0.015081265148501057,False,0.0,-0.015081265148501057,0.01694703289067524,0.0019029449333890728,7.822818012347344e-05
2023-02-13,0.010597765317456225,False,0.0,0.010597765317456225,0.0166345593916161,0.004347566279026203,7.779892366475142e-05
2023-02-14,-0.017842296104423894,False,0.0,-0.017842296104423894,0.016709485449908013,-0.0018333310362275675,7.777196512157219e-05
2023-02-15,-0.00997078039024185,False,0.0,-0.00997078039024185,0.016383512366280686,-0.004164561385196445,7.689726901848866e-05
2023-02-16,-0.051119043647237905,False,0.0,-0.051119043647237905,0.020226312224753202,-0.013891880058839616,8.475191140849521e-05
2023-02-17,-0.022953257728501802,False,0.0,-0.022953257728501802,0.02040021093669059,-0.015850384906516957,8.994970329325202e-05
2023-02-18,-0.012113331631599207,False,0.0,-0.012113331631599207,0.0200000614518758,-0.014988270149008139,9.227805888240463e-05
2023-02-19,0.02188703183334169,False,0.0,0.02188703183334169,0.020118271306016892,-0.006432588121271447,9.390751994370081e-05
2023-02-20,0.008465626546386563,False,0.0,0.008465626546386563,0.019615304226326073,-0.0028034980409717214,9.372460463919787e-05
2023-02-21,-0.0118899872798769,False,0.0,-0.0118899872798769,0.019239460963051538,-0.005079797868658281,9.272976286742379e-05
2023-02-22,-0.004421605258221487,False,0.0,-0.004421605258221487,0.018684766047329278,-0.004908599858617997,9.080735771967316e-05
2023-02-23,-0.013169074981666778,False,0.0,-0.013169074981666778,0.01840050883701831,-0.007080903743434917,8.90379632744714e-05
2023-02-24,-0.0038654397856556213,False,0.0,-0.0038654397856556213,0.01786506365557395,-0.006207413046628444,8.670093357911993e-05
2023-02-25,0.013718836148311774,False,0.0,0.013718836148311774,0.01764378806743326,-0.0007742609117599875,8.48808996021515e-05
2023-02-26,-0.017860580567648422,False,0.0,-0.017860580567648422,0.017656870680253563,-0.005375011549510782,8.394747550881059e-05
2023-02-27,0.01723032549138822,False,0.0,0.01723032549138822,0.01763156896814339,0.0006883162343148692,8.338385715181185e-05
2023-02-28,-0.007448355336667901,False,0.0,-0.007448355336667901,0.01719152612931642,-0.0015677220359771316,8.194614718204433e-05
2023-03-01,-0.028786823754123624,False,0.0,-0.028786823754123624,0.01809797032063899,-0.008501040974814763,8.343093935394315e-05
2023-03-02,0.031609267022709574,False,0.0,0.031609267022709574,0.019178975041589247,0.0009527093503713287,8.669597187701202e-05
2023-03-03,0.029954076432137704,False,0.0,0.029954076432137704,0.019989944980446796,0.007507779824012022,9.031961804903188e-05
2023-03-04,0.0007485602325241351,False,0.0,0.0007485602325241351,0.019381838066791175,0.005868047407663964,9.113104452109518e-05
2023-03-05,0.004662141785521879,False,0.0,0.004662141785521879,0.018826057526688245,0.005560882754109648,9.027690913784479e-05
2023-03-06,-0.01883057997433918,False,0.0,-0.01883057997433918,0.018826328904183197,-0.0006191951233181824,8.98022847332483e-05
2023-03-07,0.007562674784085613,False,0.0,0.007562674784085613,0.01834656543883256,0.0015285029418133991,8.835481147446312e-05
2023-03-08,-0.007910320835155079,False,0.0,-0.007910320835155079,0.01789287752543421,-0.0010190570236327653,8.641057916810363e-05
2023-03-09,0.019845541904050672,False,0.0,0.019845541904050672,0.0180160066102259,0.004488723571482728,8.56808282042578e-05
2023-03-10,-0.012482741713400925,False,0.0,-0.012482741713400925,0.01773276726768639,-7.562826589811982e-05,8.456931296967551e-05
2023-03-11,0.007775712300082156,False,0.0,0.007775712300082156,0.017297736122919464,0.002098281896085253,8.284690943575947e-05
2023-03-12,0.006489209934340148,False,0.0,0.006489209934340148,0.016845936163175382,0.003347555947862552,8.074054956077822e-05
2023-03-13,0.022543934665113514,False,0.0,0.022543934665113514,0.017241002601706426,0.008557985995005691,8.06824904149617e-05
2023-03-14,0.00168642280424973,False,0.0,0.00168642280424973,0.016720875628441427,0.006609177756047612,7.929240591144623e-05
2023-03-15,-0.0013818940906050773,False,0.0,-0.0013818940906050773,0.016215023859111555,0.00426281037973467,7.720157496530888e-05
2023-03-16,-0.0073725798094838105,False,0.0,-0.0073725798094838105,0.015824432843211035,0.0007748840613447123,7.506589334108401e-05
2023-03-17,0.018549649626199583,False,0.0,0.018549649626199583,0.016001040103569026,0.005946653309624282,7.449578234626844e-05
2023-03-18,0.029888519964678173,False,0.0,0.029888519964678173,0.017154320297610184,0.012220560889962694,7.711291824376304e-05
2023-03-19,0.007369145836803345,False,0.0,0.007369145836803345,0.016729396916878542,0.010877748209111719,7.7465365246414e-05
2023-03-20,0.007033905492591175,False,0.0,0.007033905492591175,0.016311005717583437,0.009771820024835773,7.65460521983764e-05
2023-03-21,0.017775689318207805,False,0.0,0.017775689318207805,0.016402575435343805,0.01204232633514701,7.632148518108495e-05
2023-03-22,0.014167836701685822,False,0.0,0.014167836701685822,0.016277145568733897,0.012651018859713528,7.587369520586047e-05
2023-03-23,0.00026822692280171557,False,0.0,0.00026822692280171557,0.01578141490914979,0.008957265337622403,7.42918567516661e-05
2023-03-24,0.012343562757631902,False,0.0,0.012343562757631902,0.015596527999389704,0.009973435118882473,7.299565912994339e-05
2023-03-25,-0.01573061337320232,False,0.0,-0.01573061337320232,0.015604605612556586,0.002333001674272905,7.238057999529458e-05
2023-03-26,0.00403359075339296,False,0.0,0.00403359075339296,0.015161453908051759,0.0028570262268580423,7.08327250289429e-05
2023-03-27,0.00840310435191294,False,0.0,0.00840310435191294,0.014842985996576552,0.004598366619717544,6.917357904220016e-05
2023-03-28,-0.046072287072568364,True,-0.046072287072568364,0.0,0.014390808847903357,0.003109360101072387,6.705997917436764e-05
2023-03-29,-0.024113450678790834,False,0.0,-0.024113450678790834,0.015151144074207354,-0.004980372726099367,6.821691421384949e-05
2023-03-30,-0.0010188331426897667,False,0.0,-0.0010188331426897667,0.014691698949076784,-0.0037414802829096438,6.750153443510593e-05
2023-03-31,0.009319943665102217,False,0.0,0.009319943665102217,0.01442591203095757,0.000425645278119619,6.639457871563019e-05
2023-04-01,-0.01888014877646743,False,0.0,-0.01888014877646743,0.01473119556311447,-0.005512318485898675,6.67460952684952e-05
2023-04-02,0.007187155088645127,False,0.0,0.007187155088645127,0.014390515878581084,-0.0014685697543205074,6.594033802739856e-05
2023-04-03,0.0019360938270210858,False,0.0,0.0019360938270210858,0.013960180442065009,-0.00034541199449572503,6.429076896976365e-05
2023-04-04,-0.013625659910032017,False,0.0,-0.013625659910032017,0.013940335583318817,-0.00468394926281832,6.348682480878633e-05
2023-04-05,0.0023507984298112863,False,0.0,0.0023507984298112863,0.013527917578122224,-0.0023053715728116424,6.187720844220118e-05
2023-04-06,0.02717883731345445,False,0.0,0.02717883731345445,0.014708692417176778,0.006483486502190097,6.448981105803757e-05
2023-04-07,0.02455584085527107,False,0.0,0.02455584085527107,0.015477217252215944,0.011595699678869248,6.776102698732948e-05
2023-04-08,0.040091359026123215,True,0.040091359026123215,0.0,0.015005718864484747,0.008085346684832427,6.81659423189629e-05
2023-04-09,-0.004363567110192766,False,0.0,-0.004363567110192766,0.014587794411667089,0.00415551236258745,6.717722348352972e-05
2023-04-10,-0.031065355361453426,False,0.0,-0.031065355361453426,0.016060476309040297,-0.005482647987702267,7.058475933220238e-05
2023-04-11,0.005215275311928454,False,0.0,0.005215275311928454,0.015623524285883855,-0.0023607658998638843,7.123198219277603e-05
2023-04-12,-0.048074622324852004,False,0.0,-0.048074622324852004,0.01918642747218815,-0.012220560560103082,7.93977587094086e-05
2023-04-13,0.009817867510800148,False,0.0,0.009817867510800148,0.01875673986982763,-0.006993139869521837,8.344907917832172e-05
2023-04-14,0.022284556832094196,False,0.0,0.022284556832094196,0.018986902367260666,1.5019079554448762e-05,8.629294092021435e-05
2023-04-15,-0.005157025507847187,False,0.0,-0.005157025507847187,0.01845177521375574,-0.0013018016257873044,8.66843499846599e-05
2023-04-16,0.025441574622970774,False,0.0,0.025441574622970774,0.01894403207304094,0.00525999682877458,8.805448738694637e-05
2023-04-17,0.020685403535965576,False,0.0,0.020685403535965576,0.01905300305148991,0.009045377613421234,8.908402349068286e-05
2023-04-18,0.012157143918250426,False,0.0,0.012157143918250426,0.01871105765739131,0.00983517165543172,8.885943621829752e-05
2023-04-19,-0.009081934383468142,False,0.0,-0.009081934383468142,0.018276934914461612,0.004870614726058307,8.766626975374655e-05
2023-04-20,-0.013838390297810171,False,0.0,-0.013838390297810171,0.01804144206091879,-9.693496661847354e-05,8.642393263277512e-05
2023-04-21,0.008976449755226129,False,0.0,0.008976449755226129,0.017629481352317945,0.0023756853176330546,8.469683340517735e-05
2023-04-22,-0.021597139966786062,False,0.0,-0.021597139966786062,0.01789236941467841,-0.003947667822767665,8.44430534229728e-05
2023-04-23,0.00839104620746786,False,0.0,0.00839104620746786,0.01746863617064572,-0.0005823376266964487,8.322921197473476e-05
2023-04-24,-0.029644182008252567,False,0.0,-0.029644182008252567,0.01842744437785535,-0.007849674931883398,8.49145989922517e-05
2023-04-25,0.01379313190744117,False,0.0,0.01379313190744117,0.01818272513101322,-0.0022673431388658336,8.527466253674847e-05
2023-04-26,0.010302009068082067,False,0.0,0.010302009068082067,0.01780850041550135,0.0010834193486934838,8.454451760687005e-05
2023-04-27,-0.030402182842337238,False,0.0,-0.030402182842337238,0.01880350204405316,-0.00662087087390976,8.651633502051931e-05
2023-04-28,0.024254966238268012,False,0.0,0.024254966238268012,0.019174347212008027,0.000809422349658283,8.847659211759778e-05
2023-04-29,-1.1668561565059569e-05,False,0.0,-1.1668561565059569e-05,0.018590219571472555,0.0005997999773136953,8.822982654325865e-05
2023-04-30,0.002566070043736133,False,0.0,0.002566070043736133,0.01803484324358793,0.0011239925894539668,8.671065597409887e-05
2023-05-01,-0.0008023967466021719,False,0.0,-0.0008023967466021719,0.017486533876211127,0.0005918369954220178,8.446991040035723e-05
2023-05-02,0.01161336829152239,False,0.0,0.01161336829152239,0.017190821806071947,0.003669035406116343,8.251004775577783e-05
2023-05-03,0.03746956925446363,False,0.0,0.03746956925446363,0.019027112505919926,0.01168288291791097,8.583477776433595e-05
2023-05-04,-0.025718921400049947,False,0.0,-0.025718921400049947,0.01949350981155203,0.002945180852905767,8.877378978989172e-05
2023-05-05,0.007150585602086532,False,0.0,0.007150585602086532,0.018980647032012812,0.003987876998156956,8.932478781334695e-05
2023-05-06,0.02519670375025695,False,0.0,0.02519670375025695,0.01940982990243135,0.009089491097422206,9.062216192009098e-05
2023-05-07,-0.031203597670557155,False,0.0,-0.031203597670557155,0.020311496190236675,-2.6095072367296468e-05,9.333356865040129e-05
2023-05-08,-0.03615861404761543,False,0.0,-0.03615861404761543,0.02159282721246812,-0.007584567412606328,9.753372425246092e-05
2023-05-09,-0.00031299769582029746,False,0.0,-0.00031299769582029746,0.020935163096076154,-0.005945567508365678,9.878783169026662e-05
2023-05-10,-0.015661760165628123,False,0.0,-0.015661760165628123,0.02065675759931577,-0.008198224778642462,9.892892958591063e-05
2023-05-11,0.001389888127660564,False,0.0,0.001389888127660564,0.020030363046792763,-0.0058664351834890344,9.757394456846635e-05
2023-05-12,0.007907093619762738,False,0.0,0.007907093619762738,0.01951650186201009,-0.0024106737048869412,9.55657983910727e-05
2023-05-13,-0.01010878457684204,False,0.0,-0.01010878457684204,0.01908327712347417,-0.004384424751569659,9.337145485351492e-05
2023-05-14,0.037094116776489744,False,0.0,0.037094116776489744,0.020612607496158886,0.004949379683781687,9.560950879452677e-05
2023-05-15,-0.009335847486858806,False,0.0,-0.009335847486858806,0.020115076321533965,0.001565235883808224,9.585284932198083e-05
